{
  "ci": {
    "collect": {
      "url": ["http://localhost:5000"],
      "startServerCommand": "npm run build && npm run start",
      "numberOfRuns": 3
    },
    "assert": {
      "assertions": {
        "categories:performance": ["warn", {"minScore": 0.8}],
        "categories:accessibility": ["error", {"minScore": 0.9}],
        "categories:best-practices": ["warn", {"minScore": 0.8}],
        "categories:seo": ["warn", {"minScore": 0.8}]
      }
    },
    "upload": {
      "target": "temporary-public-storage"
    }
  }
}